batter,game_year,WH,AB,IABA
116338.0,2015.0,568.0,518,1.0965250965250966
120074.0,2015.0,602.0,519,1.1599229287090558
120074.0,2016.0,774.0,536,1.4440298507462686
121347.0,2015.0,602.0,518,1.162162162162162
121347.0,2016.0,198.0,224,0.8839285714285714
133380.0,2015.0,565.0,468,1.2072649572649572
134181.0,2015.0,754.0,572,1.3181818181818181
134181.0,2016.0,875.0,587,1.4906303236797274
134181.0,2017.0,467.0,335,1.3940298507462687
134181.0,2018.0,584.0,430,1.3581395348837209
136860.0,2015.0,615.0,472,1.3029661016949152
136860.0,2016.0,749.0,555,1.3495495495495495
136860.0,2017.0,562.0,483,1.1635610766045548
150029.0,2015.0,352.0,325,1.083076923076923
150029.0,2016.0,632.0,530,1.1924528301886792
150029.0,2017.0,283.0,267,1.0599250936329587
150212.0,2015.0,481.0,385,1.2493506493506494
150229.0,2015.0,560.0,399,1.4035087719298245
150229.0,2016.0,268.0,237,1.130801687763713
276519.0,2015.0,538.0,514,1.046692607003891
346874.0,2015.0,478.0,348,1.3735632183908046
346874.0,2016.0,252.0,237,1.0632911392405062
400085.0,2015.0,480.0,395,1.2151898734177216
400085.0,2016.0,493.0,323,1.5263157894736843
400121.0,2015.0,507.0,433,1.1709006928406467
400121.0,2016.0,741.0,545,1.3596330275229358
400121.0,2017.0,475.0,388,1.2242268041237114
400121.0,2018.0,570.0,464,1.228448275862069
400284.0,2015.0,386.0,367,1.0517711171662125
400284.0,2016.0,547.0,524,1.0438931297709924
400284.0,2017.0,355.0,315,1.126984126984127
405395.0,2015.0,688.0,594,1.1582491582491583
405395.0,2016.0,760.0,591,1.2859560067681894
405395.0,2017.0,650.0,583,1.1149228130360205
405395.0,2018.0,552.0,461,1.1973969631236443
407781.0,2015.0,573.0,490,1.1693877551020408
407812.0,2015.0,284.0,238,1.1932773109243697
407812.0,2016.0,433.0,379,1.1424802110817942
407812.0,2017.0,421.0,370,1.1378378378378378
407893.0,2015.0,471.0,382,1.2329842931937174
407893.0,2016.0,368.0,381,0.9658792650918635
408045.0,2015.0,700.0,583,1.2006861063464838
408045.0,2016.0,554.0,487,1.1375770020533882
408045.0,2017.0,735.0,526,1.397338403041825
408045.0,2018.0,591.0,466,1.2682403433476395
408234.0,2015.0,604.0,422,1.4312796208530805
408234.0,2016.0,871.0,584,1.4914383561643836
408234.0,2017.0,513.0,464,1.105603448275862
408236.0,2015.0,789.0,579,1.3626943005181347
408236.0,2016.0,748.0,594,1.2592592592592593
408236.0,2017.0,268.0,226,1.1858407079646018
408252.0,2015.0,783.0,573,1.3664921465968587
408252.0,2016.0,675.0,533,1.2664165103189493
408252.0,2017.0,715.0,554,1.2906137184115523
408299.0,2015.0,500.0,434,1.152073732718894
408314.0,2015.0,582.0,475,1.2252631578947368
408314.0,2016.0,299.0,254,1.1771653543307086
408314.0,2017.0,586.0,495,1.183838383838384
408314.0,2018.0,250.0,221,1.1312217194570136
424825.0,2016.0,540.0,466,1.1587982832618027
425509.0,2015.0,730.0,578,1.2629757785467128
425509.0,2016.0,378.0,283,1.3356890459363957
425549.0,2015.0,263.0,201,1.308457711442786
425560.0,2015.0,426.0,421,1.01187648456057
425567.0,2015.0,582.0,430,1.3534883720930233
425766.0,2015.0,469.0,352,1.3323863636363635
425766.0,2016.0,455.0,336,1.3541666666666667
425783.0,2015.0,647.0,565,1.1451327433628318
425783.0,2017.0,627.0,539,1.163265306122449
425783.0,2018.0,724.0,549,1.3187613843351549
425784.0,2015.0,283.0,292,0.9691780821917808
425784.0,2017.0,274.0,215,1.2744186046511627
425796.0,2015.0,435.0,316,1.3765822784810127
425796.0,2016.0,409.0,295,1.3864406779661016
425834.0,2015.0,316.0,201,1.572139303482587
425834.0,2016.0,547.0,493,1.1095334685598377
425877.0,2015.0,609.0,478,1.2740585774058577
425877.0,2016.0,806.0,525,1.5352380952380953
425877.0,2017.0,626.0,484,1.2933884297520661
425877.0,2018.0,556.0,450,1.2355555555555555
425900.0,2016.0,339.0,297,1.1414141414141414
425902.0,2015.0,818.0,628,1.302547770700637
425902.0,2016.0,287.0,321,0.8940809968847352
429664.0,2015.0,802.0,608,1.319078947368421
429664.0,2016.0,859.0,638,1.3463949843260188
429664.0,2017.0,764.0,587,1.301533219761499
429664.0,2018.0,407.0,307,1.3257328990228012
429665.0,2015.0,753.0,560,1.3446428571428573
429665.0,2016.0,729.0,625,1.1664
429665.0,2017.0,695.0,560,1.2410714285714286
429665.0,2018.0,577.0,492,1.1727642276422765
429666.0,2015.0,436.0,406,1.0738916256157636
429666.0,2016.0,489.0,407,1.2014742014742015
429666.0,2017.0,253.0,245,1.0326530612244897
429667.0,2015.0,472.0,462,1.0216450216450217
429667.0,2016.0,296.0,330,0.896969696969697
429711.0,2016.0,259.0,244,1.0614754098360655
429713.0,2015.0,344.0,265,1.2981132075471697
430203.0,2015.0,330.0,279,1.1827956989247312
430404.0,2015.0,250.0,220,1.1363636363636365
430605.0,2016.0,251.0,220,1.1409090909090909
430637.0,2015.0,396.0,312,1.2692307692307692
430637.0,2016.0,419.0,300,1.3966666666666667
430832.0,2015.0,718.0,574,1.2508710801393728
430832.0,2016.0,455.0,445,1.0224719101123596
430832.0,2017.0,524.0,576,0.9097222222222222
430832.0,2018.0,294.0,319,0.9216300940438872
430897.0,2015.0,212.0,219,0.9680365296803652
430910.0,2015.0,458.0,322,1.4223602484472049
430945.0,2015.0,659.0,534,1.2340823970037453
430945.0,2016.0,695.0,614,1.1319218241042346
430945.0,2017.0,697.0,583,1.195540308747856
430945.0,2018.0,741.0,567,1.306878306878307
430947.0,2015.0,752.0,587,1.2810902896081773
430947.0,2016.0,487.0,404,1.2054455445544554
430947.0,2017.0,371.0,326,1.138036809815951
430948.0,2015.0,293.0,227,1.2907488986784141
431094.0,2015.0,369.0,303,1.2178217821782178
431094.0,2016.0,498.0,375,1.328
431145.0,2015.0,546.0,461,1.1843817787418656
431145.0,2016.0,544.0,477,1.140461215932914
431145.0,2017.0,327.0,300,1.09
431145.0,2018.0,280.0,286,0.9790209790209791
431151.0,2015.0,247.0,201,1.228855721393035
431171.0,2015.0,268.0,234,1.1452991452991452
433217.0,2015.0,375.0,228,1.644736842105263
434158.0,2015.0,682.0,616,1.1071428571428572
434158.0,2016.0,588.0,540,1.0888888888888888
434158.0,2017.0,463.0,456,1.0153508771929824
434158.0,2018.0,383.0,343,1.1166180758017492
434563.0,2015.0,303.0,279,1.086021505376344
434563.0,2016.0,281.0,208,1.3509615384615385
434604.0,2015.0,322.0,226,1.424778761061947
434636.0,2015.0,544.0,501,1.0858283433133733
434636.0,2016.0,655.0,498,1.3152610441767068
434658.0,2015.0,373.0,330,1.1303030303030304
434658.0,2016.0,562.0,473,1.1881606765327695
434658.0,2017.0,355.0,331,1.0725075528700907
434670.0,2015.0,467.0,395,1.1822784810126583
434670.0,2016.0,755.0,554,1.3628158844765343
434670.0,2017.0,574.0,491,1.1690427698574337
434778.0,2015.0,808.0,609,1.3267651888341543
434778.0,2016.0,726.0,551,1.3176043557168784
434778.0,2017.0,655.0,538,1.2174721189591078
434778.0,2018.0,483.0,404,1.1955445544554455
435062.0,2015.0,645.0,479,1.346555323590814
435062.0,2016.0,577.0,496,1.1633064516129032
435062.0,2017.0,430.0,298,1.4429530201342282
435063.0,2015.0,413.0,406,1.0172413793103448
435063.0,2016.0,652.0,592,1.1013513513513513
435063.0,2017.0,415.0,421,0.9857482185273159
435064.0,2016.0,276.0,226,1.2212389380530972
435079.0,2015.0,841.0,607,1.385502471169687
435079.0,2016.0,805.0,607,1.3261943986820428
435079.0,2017.0,505.0,543,0.9300184162062615
435079.0,2018.0,639.0,510,1.2529411764705882
435263.0,2015.0,453.0,458,0.9890829694323144
435263.0,2016.0,514.0,423,1.215130023640662
435263.0,2017.0,453.0,403,1.1240694789081886
435401.0,2015.0,343.0,236,1.4533898305084745
435522.0,2015.0,700.0,530,1.320754716981132
435522.0,2016.0,563.0,406,1.3866995073891626
435522.0,2017.0,483.0,374,1.2914438502673797
435522.0,2018.0,381.0,345,1.1043478260869566
435559.0,2015.0,493.0,424,1.1627358490566038
435559.0,2016.0,427.0,339,1.2595870206489677
435559.0,2017.0,398.0,264,1.5075757575757576
435559.0,2018.0,485.0,346,1.4017341040462428
435622.0,2015.0,630.0,575,1.0956521739130434
435622.0,2016.0,820.0,632,1.2974683544303798
435622.0,2017.0,416.0,334,1.2455089820359282
435622.0,2018.0,641.0,562,1.1405693950177935
443558.0,2015.0,784.0,576,1.3611111111111112
443558.0,2016.0,786.0,574,1.3693379790940767
443558.0,2017.0,701.0,548,1.2791970802919708
443558.0,2018.0,629.0,513,1.226120857699805
444379.0,2016.0,433.0,377,1.1485411140583555
444379.0,2017.0,276.0,250,1.104
444432.0,2015.0,617.0,498,1.2389558232931728
444432.0,2016.0,728.0,609,1.1954022988505748
444432.0,2017.0,580.0,543,1.0681399631675874
444432.0,2018.0,430.0,327,1.3149847094801224
444482.0,2015.0,649.0,451,1.4390243902439024
444482.0,2017.0,732.0,537,1.3631284916201116
444482.0,2018.0,718.0,547,1.3126142595978063
444489.0,2017.0,444.0,323,1.3746130030959753
444489.0,2018.0,377.0,309,1.220064724919094
444843.0,2015.0,532.0,405,1.3135802469135802
444876.0,2015.0,778.0,664,1.1716867469879517
444876.0,2016.0,792.0,627,1.263157894736842
444876.0,2017.0,728.0,584,1.2465753424657535
444876.0,2018.0,526.0,476,1.1050420168067228
445055.0,2015.0,218.0,205,1.0634146341463415
445055.0,2016.0,435.0,340,1.2794117647058822
445055.0,2017.0,583.0,396,1.4722222222222223
445055.0,2018.0,603.0,513,1.1754385964912282
445988.0,2015.0,674.0,496,1.3588709677419355
445988.0,2016.0,789.0,592,1.3327702702702702
446263.0,2015.0,578.0,502,1.151394422310757
446263.0,2017.0,415.0,418,0.992822966507177
446263.0,2018.0,384.0,327,1.1743119266055047
446308.0,2015.0,333.0,256,1.30078125
446308.0,2016.0,544.0,423,1.2860520094562649
446308.0,2017.0,498.0,425,1.171764705882353
446308.0,2018.0,276.0,232,1.1896551724137931
446334.0,2015.0,780.0,592,1.3175675675675675
446334.0,2016.0,786.0,631,1.2456418383518224
446334.0,2017.0,653.0,600,1.0883333333333334
446334.0,2018.0,562.0,469,1.1982942430703625
446359.0,2016.0,493.0,454,1.0859030837004404
446359.0,2017.0,601.0,429,1.400932400932401
446359.0,2018.0,206.0,216,0.9537037037037037
446381.0,2016.0,369.0,285,1.2947368421052632
446381.0,2017.0,397.0,328,1.2103658536585367
446386.0,2015.0,438.0,325,1.3476923076923077
446386.0,2016.0,388.0,305,1.2721311475409836
446481.0,2015.0,303.0,201,1.507462686567164
446481.0,2016.0,415.0,285,1.456140350877193
448602.0,2015.0,432.0,371,1.1644204851752022
448602.0,2016.0,549.0,389,1.411311053984576
448602.0,2017.0,711.0,518,1.3725868725868726
448602.0,2018.0,280.0,200,1.4
448801.0,2015.0,699.0,563,1.241563055062167
448801.0,2016.0,591.0,563,1.0497335701598578
448801.0,2017.0,417.0,444,0.9391891891891891
448801.0,2018.0,370.0,462,0.8008658008658008
449107.0,2015.0,319.0,286,1.1153846153846154
449181.0,2015.0,312.0,239,1.3054393305439331
449181.0,2016.0,727.0,447,1.6263982102908277
450314.0,2015.0,669.0,522,1.2816091954022988
450314.0,2016.0,717.0,573,1.2513089005235603
450314.0,2017.0,479.0,458,1.0458515283842795
450314.0,2018.0,623.0,443,1.4063205417607223
451594.0,2015.0,711.0,621,1.144927536231884
451594.0,2016.0,562.0,516,1.0891472868217054
451594.0,2017.0,472.0,405,1.165432098765432
451594.0,2018.0,221.0,280,0.7892857142857143
452095.0,2015.0,416.0,327,1.27217125382263
452095.0,2016.0,379.0,272,1.3933823529411764
452095.0,2017.0,464.0,314,1.4777070063694266
452095.0,2018.0,300.0,254,1.1811023622047243
452104.0,2015.0,705.0,567,1.2433862433862435
452104.0,2016.0,595.0,462,1.2878787878787878
452104.0,2017.0,752.0,530,1.4188679245283018
452220.0,2015.0,393.0,369,1.065040650406504
452234.0,2015.0,443.0,386,1.1476683937823835
452234.0,2016.0,391.0,373,1.0482573726541555
452234.0,2017.0,386.0,325,1.1876923076923076
452239.0,2015.0,233.0,243,0.9588477366255144
452252.0,2015.0,601.0,496,1.2116935483870968
452252.0,2016.0,481.0,393,1.2239185750636132
452252.0,2017.0,498.0,265,1.879245283018868
452254.0,2015.0,275.0,204,1.3480392156862746
452254.0,2016.0,554.0,403,1.3746898263027296
452254.0,2017.0,592.0,481,1.2307692307692308
452254.0,2018.0,269.0,220,1.2227272727272727
452655.0,2015.0,307.0,244,1.2581967213114753
452655.0,2016.0,752.0,571,1.316987740805604
452655.0,2017.0,591.0,481,1.2286902286902286
452655.0,2018.0,525.0,428,1.2266355140186915
452678.0,2015.0,690.0,496,1.3911290322580645
452678.0,2016.0,618.0,518,1.193050193050193
452678.0,2017.0,600.0,470,1.2765957446808511
452678.0,2018.0,630.0,533,1.1819887429643527
453056.0,2015.0,470.0,443,1.0609480812641083
453056.0,2016.0,620.0,559,1.10912343470483
453056.0,2017.0,449.0,366,1.226775956284153
453064.0,2015.0,657.0,523,1.2562141491395793
453064.0,2016.0,623.0,517,1.2050290135396517
453064.0,2017.0,319.0,234,1.3632478632478633
453400.0,2015.0,319.0,241,1.3236514522821576
453400.0,2016.0,256.0,236,1.0847457627118644
453539.0,2015.0,270.0,285,0.9473684210526315
453568.0,2015.0,756.0,609,1.2413793103448276
453568.0,2016.0,787.0,570,1.380701754385965
453568.0,2017.0,926.0,639,1.4491392801251957
453568.0,2018.0,817.0,633,1.2906793048973144
453923.0,2015.0,505.0,321,1.573208722741433
453923.0,2016.0,296.0,244,1.2131147540983607
453923.0,2017.0,236.0,222,1.063063063063063
453943.0,2015.0,672.0,598,1.1237458193979932
453943.0,2016.0,658.0,582,1.1305841924398625
453943.0,2017.0,496.0,512,0.96875
453943.0,2018.0,439.0,395,1.111392405063291
455104.0,2015.0,274.0,267,1.0262172284644195
455104.0,2016.0,306.0,292,1.047945205479452
455104.0,2017.0,326.0,273,1.1941391941391941
455104.0,2018.0,358.0,305,1.1737704918032787
455117.0,2015.0,221.0,223,0.9910313901345291
455117.0,2016.0,224.0,202,1.108910891089109
455117.0,2017.0,465.0,426,1.091549295774648
455117.0,2018.0,443.0,388,1.1417525773195876
455139.0,2015.0,302.0,243,1.242798353909465
455139.0,2017.0,306.0,259,1.1814671814671815
455139.0,2018.0,411.0,355,1.1577464788732394
455759.0,2015.0,388.0,312,1.2435897435897436
455759.0,2016.0,300.0,203,1.477832512315271
455759.0,2017.0,293.0,238,1.23109243697479
455976.0,2015.0,828.0,607,1.3640856672158155
455976.0,2016.0,773.0,587,1.3168654173764907
455976.0,2017.0,715.0,580,1.2327586206896552
455976.0,2018.0,852.0,625,1.3632
456030.0,2015.0,483.0,371,1.3018867924528301
456030.0,2016.0,898.0,637,1.4097331240188382
456030.0,2017.0,526.0,398,1.321608040201005
456078.0,2015.0,373.0,331,1.1268882175226587
456078.0,2016.0,519.0,407,1.2751842751842752
456078.0,2017.0,467.0,331,1.4108761329305135
456121.0,2015.0,292.0,212,1.3773584905660377
456124.0,2018.0,289.0,218,1.3256880733944953
456422.0,2015.0,496.0,422,1.1753554502369667
456422.0,2016.0,477.0,369,1.2926829268292683
456488.0,2016.0,698.0,543,1.285451197053407
456488.0,2017.0,649.0,449,1.44543429844098
456488.0,2018.0,642.0,491,1.3075356415478616
456665.0,2015.0,322.0,291,1.1065292096219932
456665.0,2016.0,356.0,261,1.3639846743295019
456665.0,2017.0,349.0,299,1.1672240802675586
456665.0,2018.0,333.0,251,1.3266932270916334
456714.0,2015.0,664.0,530,1.2528301886792452
456714.0,2016.0,342.0,247,1.3846153846153846
456715.0,2015.0,804.0,599,1.342237061769616
456715.0,2016.0,489.0,392,1.2474489795918366
456715.0,2017.0,808.0,577,1.4003466204506065
456715.0,2018.0,736.0,574,1.2822299651567943
457454.0,2016.0,235.0,241,0.975103734439834
457477.0,2015.0,424.0,322,1.3167701863354038
457477.0,2016.0,287.0,230,1.2478260869565216
457705.0,2015.0,703.0,547,1.2851919561243144
457705.0,2016.0,711.0,586,1.213310580204778
457705.0,2017.0,687.0,558,1.2311827956989247
457705.0,2018.0,567.0,568,0.9982394366197183
457706.0,2015.0,607.0,483,1.2567287784679089
457706.0,2017.0,418.0,291,1.436426116838488
457706.0,2018.0,416.0,339,1.2271386430678466
457708.0,2015.0,631.0,533,1.1838649155722327
457708.0,2016.0,671.0,560,1.1982142857142857
457708.0,2017.0,669.0,553,1.209764918625678
457708.0,2018.0,627.0,528,1.1875
457727.0,2015.0,622.0,499,1.2464929859719438
457727.0,2016.0,446.0,340,1.311764705882353
457727.0,2017.0,386.0,392,0.9846938775510204
457727.0,2018.0,425.0,326,1.303680981595092
457759.0,2015.0,538.0,397,1.3551637279596978
457759.0,2016.0,725.0,579,1.2521588946459412
457759.0,2017.0,719.0,501,1.435129740518962
457759.0,2018.0,615.0,422,1.457345971563981
457763.0,2015.0,825.0,546,1.510989010989011
457763.0,2016.0,674.0,542,1.2435424354243543
457763.0,2017.0,756.0,478,1.5815899581589958
457763.0,2018.0,476.0,381,1.2493438320209973
457787.0,2015.0,437.0,365,1.1972602739726028
457787.0,2016.0,560.0,517,1.0831721470019342
457787.0,2017.0,209.0,257,0.8132295719844358
457803.0,2015.0,561.0,564,0.9946808510638298
457803.0,2016.0,641.0,526,1.2186311787072244
457803.0,2017.0,644.0,561,1.1479500891265597
457803.0,2018.0,332.0,309,1.0744336569579287
458015.0,2015.0,753.0,534,1.4101123595505618
458015.0,2016.0,792.0,542,1.4612546125461254
458015.0,2017.0,770.0,551,1.397459165154265
458015.0,2018.0,617.0,493,1.2515212981744421
458085.0,2015.0,549.0,448,1.2254464285714286
458085.0,2016.0,226.0,262,0.8625954198473282
458675.0,2015.0,525.0,443,1.18510158013544
458675.0,2016.0,361.0,359,1.0055710306406684
458731.0,2015.0,618.0,565,1.0938053097345133
458731.0,2016.0,659.0,543,1.2136279926335174
458731.0,2017.0,733.0,637,1.1507064364207222
458731.0,2018.0,547.0,527,1.0379506641366223
459431.0,2016.0,654.0,497,1.3158953722334004
459431.0,2017.0,199.0,210,0.9476190476190476
459964.0,2015.0,211.0,247,0.854251012145749
459964.0,2016.0,295.0,227,1.2995594713656389
459964.0,2017.0,510.0,460,1.108695652173913
459964.0,2018.0,222.0,204,1.088235294117647
460026.0,2015.0,567.0,364,1.5576923076923077
460026.0,2016.0,376.0,283,1.3286219081272084
460026.0,2017.0,388.0,281,1.3807829181494662
460026.0,2018.0,327.0,279,1.1720430107526882
460060.0,2015.0,242.0,200,1.21
460075.0,2015.0,687.0,501,1.3712574850299402
460075.0,2016.0,722.0,503,1.4353876739562623
460075.0,2017.0,438.0,378,1.1587301587301588
460075.0,2018.0,524.0,439,1.193621867881549
460086.0,2015.0,502.0,399,1.2581453634085213
460086.0,2016.0,493.0,439,1.1230068337129842
460086.0,2017.0,481.0,464,1.0366379310344827
460086.0,2018.0,601.0,495,1.2141414141414142
460099.0,2016.0,249.0,200,1.245
460576.0,2015.0,557.0,443,1.257336343115124
460576.0,2016.0,487.0,413,1.179176755447942
460576.0,2017.0,439.0,363,1.209366391184573
460576.0,2018.0,352.0,354,0.9943502824858758
461235.0,2015.0,551.0,466,1.1824034334763949
461235.0,2016.0,496.0,408,1.2156862745098038
461235.0,2017.0,411.0,357,1.1512605042016806
461314.0,2015.0,635.0,584,1.0873287671232876
461314.0,2016.0,771.0,611,1.2618657937806874
461314.0,2017.0,578.0,425,1.36
461314.0,2018.0,607.0,467,1.2997858672376874
461416.0,2015.0,441.0,341,1.2932551319648093
461815.0,2015.0,475.0,361,1.3157894736842106
461858.0,2015.0,587.0,566,1.0371024734982333
461858.0,2016.0,388.0,313,1.2396166134185302
461858.0,2017.0,295.0,279,1.0573476702508962
461865.0,2017.0,361.0,313,1.1533546325878594
462101.0,2015.0,765.0,609,1.2561576354679802
462101.0,2016.0,754.0,511,1.4755381604696673
462101.0,2017.0,836.0,633,1.320695102685624
462101.0,2018.0,479.0,393,1.2188295165394403
463610.0,2016.0,237.0,201,1.1791044776119404
465041.0,2015.0,704.0,432,1.6296296296296295
465041.0,2016.0,429.0,319,1.3448275862068966
465041.0,2017.0,346.0,261,1.3256704980842913
465041.0,2018.0,409.0,325,1.2584615384615385
466320.0,2015.0,799.0,615,1.2991869918699186
466320.0,2016.0,824.0,577,1.4280762564991334
466320.0,2017.0,826.0,615,1.3430894308943089
466320.0,2018.0,309.0,257,1.2023346303501945
467055.0,2015.0,511.0,461,1.1084598698481563
467055.0,2017.0,271.0,255,1.0627450980392157
467055.0,2018.0,284.0,225,1.2622222222222221
467070.0,2015.0,309.0,249,1.2409638554216869
467092.0,2015.0,501.0,473,1.0591966173361522
467092.0,2016.0,721.0,469,1.537313432835821
467092.0,2017.0,266.0,206,1.2912621359223302
467092.0,2018.0,545.0,373,1.4611260053619304
467793.0,2015.0,567.0,545,1.0403669724770641
467793.0,2016.0,687.0,623,1.102728731942215
467793.0,2017.0,734.0,584,1.2568493150684932
467793.0,2018.0,611.0,548,1.114963503649635
467827.0,2015.0,726.0,534,1.3595505617977528
467827.0,2016.0,446.0,363,1.2286501377410468
467827.0,2017.0,602.0,391,1.5396419437340154
467827.0,2018.0,582.0,401,1.4513715710723192
471083.0,2015.0,397.0,357,1.112044817927171
471083.0,2016.0,242.0,246,0.983739837398374
471865.0,2015.0,705.0,546,1.2912087912087913
471865.0,2016.0,842.0,578,1.4567474048442905
471865.0,2017.0,592.0,472,1.2542372881355932
471865.0,2018.0,616.0,461,1.3362255965292842
472528.0,2015.0,458.0,443,1.0338600451467268
472528.0,2016.0,366.0,283,1.2932862190812722
472528.0,2017.0,363.0,343,1.0583090379008746
472528.0,2018.0,242.0,261,0.9272030651340997
474443.0,2016.0,297.0,213,1.3943661971830985
474568.0,2015.0,447.0,378,1.1825396825396826
474568.0,2016.0,640.0,509,1.2573673870333988
474568.0,2017.0,660.0,489,1.3496932515337423
474568.0,2018.0,527.0,385,1.3688311688311687
474832.0,2015.0,682.0,481,1.4178794178794178
474832.0,2016.0,721.0,546,1.3205128205128205
474832.0,2017.0,409.0,364,1.1236263736263736
474832.0,2018.0,472.0,383,1.2323759791122715
474892.0,2015.0,410.0,403,1.0173697270471465
474892.0,2016.0,573.0,539,1.0630797773654916
475100.0,2015.0,271.0,218,1.2431192660550459
475174.0,2015.0,477.0,347,1.3746397694524495
475174.0,2016.0,596.0,475,1.2547368421052632
475174.0,2017.0,594.0,447,1.3288590604026846
475174.0,2018.0,592.0,506,1.1699604743083003
475247.0,2015.0,254.0,266,0.9548872180451128
475253.0,2015.0,336.0,299,1.1237458193979932
475253.0,2016.0,367.0,292,1.2568493150684932
475253.0,2017.0,690.0,544,1.2683823529411764
475253.0,2018.0,552.0,498,1.108433734939759
475582.0,2015.0,360.0,340,1.0588235294117647
475582.0,2016.0,462.0,433,1.0669745958429562
475582.0,2017.0,737.0,533,1.3827392120075046
475582.0,2018.0,355.0,282,1.2588652482269505
476704.0,2015.0,231.0,228,1.013157894736842
476704.0,2016.0,397.0,333,1.1921921921921923
476704.0,2017.0,729.0,554,1.315884476534296
476704.0,2018.0,806.0,586,1.3754266211604096
476883.0,2015.0,507.0,434,1.1682027649769586
476883.0,2016.0,389.0,332,1.1716867469879517
477165.0,2016.0,250.0,217,1.152073732718894
477195.0,2015.0,195.0,209,0.9330143540669856
485567.0,2016.0,361.0,297,1.2154882154882154
485567.0,2017.0,381.0,280,1.3607142857142858
488671.0,2017.0,424.0,306,1.3856209150326797
488681.0,2015.0,363.0,255,1.423529411764706
488721.0,2016.0,435.0,345,1.2608695652173914
488726.0,2015.0,735.0,520,1.4134615384615385
488726.0,2017.0,461.0,344,1.3401162790697674
488726.0,2018.0,771.0,561,1.374331550802139
488771.0,2015.0,370.0,347,1.0662824207492796
488771.0,2016.0,331.0,321,1.0311526479750779
488771.0,2017.0,450.0,356,1.2640449438202248
488818.0,2016.0,274.0,224,1.2232142857142858
488862.0,2015.0,721.0,527,1.3681214421252372
488862.0,2016.0,702.0,515,1.3631067961165049
488862.0,2017.0,447.0,345,1.2956521739130435
489149.0,2015.0,460.0,442,1.0407239819004526
489149.0,2016.0,359.0,348,1.0316091954022988
489149.0,2017.0,559.0,502,1.1135458167330676
489149.0,2018.0,281.0,303,0.9273927392739274
489267.0,2016.0,249.0,207,1.2028985507246377
489267.0,2017.0,335.0,287,1.1672473867595818
491676.0,2017.0,358.0,296,1.2094594594594594
491676.0,2018.0,438.0,401,1.0922693266832917
493114.0,2015.0,428.0,350,1.2228571428571429
493114.0,2016.0,549.0,414,1.326086956521739
493114.0,2017.0,451.0,333,1.3543543543543544
493193.0,2016.0,331.0,285,1.1614035087719299
493316.0,2015.0,929.0,667,1.3928035982008995
493316.0,2016.0,623.0,476,1.3088235294117647
493316.0,2017.0,380.0,285,1.3333333333333333
493329.0,2017.0,891.0,590,1.5101694915254238
493329.0,2018.0,752.0,560,1.3428571428571427
493351.0,2015.0,735.0,566,1.2985865724381624
493351.0,2016.0,606.0,470,1.2893617021276595
493596.0,2015.0,252.0,200,1.26
493596.0,2016.0,295.0,240,1.2291666666666667
499624.0,2015.0,531.0,367,1.446866485013624
500208.0,2015.0,649.0,517,1.2553191489361701
500208.0,2016.0,551.0,399,1.380952380952381
500208.0,2017.0,487.0,459,1.0610021786492374
500208.0,2018.0,497.0,459,1.0827886710239651
500743.0,2017.0,373.0,265,1.4075471698113207
500743.0,2018.0,594.0,477,1.2452830188679245
500871.0,2015.0,563.0,396,1.4217171717171717
500871.0,2016.0,431.0,342,1.260233918128655
500871.0,2017.0,560.0,458,1.222707423580786
500871.0,2018.0,695.0,545,1.275229357798165
500874.0,2017.0,416.0,266,1.5639097744360901
500874.0,2018.0,735.0,528,1.3920454545454546
501303.0,2018.0,427.0,331,1.2900302114803626
501571.0,2015.0,571.0,447,1.2774049217002237
501571.0,2017.0,354.0,244,1.4508196721311475
501647.0,2015.0,298.0,228,1.3070175438596492
501659.0,2015.0,307.0,229,1.3406113537117903
501896.0,2015.0,539.0,421,1.2802850356294537
501896.0,2016.0,512.0,425,1.204705882352941
501896.0,2017.0,510.0,411,1.2408759124087592
501896.0,2018.0,424.0,292,1.452054794520548
501981.0,2015.0,457.0,390,1.1717948717948719
501981.0,2016.0,646.0,550,1.1745454545454546
501981.0,2017.0,689.0,560,1.230357142857143
501981.0,2018.0,638.0,563,1.133214920071048
501983.0,2015.0,260.0,236,1.1016949152542372
502054.0,2017.0,626.0,434,1.4423963133640554
502054.0,2018.0,632.0,486,1.300411522633745
502082.0,2015.0,378.0,331,1.1419939577039275
502082.0,2016.0,532.0,417,1.275779376498801
502082.0,2017.0,327.0,241,1.3568464730290457
502100.0,2017.0,411.0,244,1.6844262295081966
502110.0,2015.0,802.0,584,1.3732876712328768
502110.0,2016.0,661.0,452,1.4623893805309736
502110.0,2017.0,663.0,445,1.489887640449438
502110.0,2018.0,956.0,615,1.5544715447154471
502143.0,2015.0,491.0,333,1.4744744744744744
502143.0,2016.0,635.0,464,1.3685344827586208
502143.0,2017.0,561.0,439,1.2779043280182232
502143.0,2018.0,338.0,249,1.357429718875502
502210.0,2015.0,705.0,518,1.361003861003861
502210.0,2016.0,567.0,420,1.35
502210.0,2017.0,752.0,542,1.3874538745387455
502210.0,2018.0,561.0,457,1.2275711159737417
502481.0,2016.0,413.0,290,1.4241379310344828
502481.0,2017.0,461.0,340,1.3558823529411765
502481.0,2018.0,164.0,201,0.8159203980099502
502517.0,2015.0,723.0,543,1.3314917127071824
502517.0,2016.0,855.0,536,1.5951492537313432
502517.0,2017.0,814.0,545,1.4935779816513761
502517.0,2018.0,468.0,329,1.4224924012158056
502523.0,2016.0,236.0,206,1.145631067961165
502671.0,2015.0,742.0,558,1.3297491039426523
502671.0,2016.0,762.0,568,1.341549295774648
502671.0,2017.0,751.0,567,1.3245149911816578
502671.0,2018.0,757.0,579,1.307426597582038
503556.0,2015.0,445.0,337,1.3204747774480712
503556.0,2016.0,604.0,466,1.296137339055794
503556.0,2017.0,736.0,512,1.4375
503556.0,2018.0,635.0,516,1.2306201550387597
506560.0,2015.0,359.0,313,1.1469648562300319
506702.0,2016.0,375.0,260,1.4423076923076923
506702.0,2017.0,328.0,269,1.2193308550185873
506702.0,2018.0,264.0,272,0.9705882352941176
514888.0,2015.0,896.0,652,1.3742331288343559
514888.0,2016.0,909.0,624,1.4567307692307692
514888.0,2017.0,977.0,653,1.4961715160796325
514888.0,2018.0,861.0,563,1.5293072824156306
514913.0,2015.0,435.0,351,1.2393162393162394
514917.0,2015.0,498.0,397,1.2544080604534005
514917.0,2016.0,788.0,542,1.4538745387453875
514917.0,2017.0,697.0,502,1.3884462151394423
514917.0,2018.0,654.0,590,1.1084745762711865
516416.0,2015.0,656.0,553,1.18625678119349
516416.0,2016.0,893.0,618,1.4449838187702266
516416.0,2017.0,698.0,515,1.3553398058252428
516416.0,2018.0,729.0,575,1.2678260869565217
516770.0,2015.0,732.0,566,1.2932862190812722
516770.0,2016.0,734.0,571,1.2854640980735552
516770.0,2017.0,736.0,483,1.5238095238095237
516770.0,2018.0,804.0,578,1.3910034602076125
516782.0,2015.0,782.0,566,1.3816254416961131
516782.0,2016.0,714.0,475,1.503157894736842
516782.0,2017.0,362.0,299,1.2107023411371238
516782.0,2018.0,692.0,547,1.2650822669104205
517369.0,2017.0,399.0,303,1.316831683168317
517369.0,2018.0,522.0,420,1.2428571428571429
517370.0,2015.0,457.0,357,1.280112044817927
518586.0,2018.0,453.0,301,1.504983388704319
518595.0,2015.0,337.0,285,1.182456140350877
518595.0,2016.0,298.0,248,1.2016129032258065
518595.0,2017.0,434.0,339,1.28023598820059
518614.0,2016.0,333.0,247,1.3481781376518218
518614.0,2017.0,434.0,347,1.2507204610951008
518614.0,2018.0,385.0,343,1.1224489795918366
518618.0,2015.0,313.0,249,1.2570281124497993
518618.0,2016.0,474.0,349,1.3581661891117478
518618.0,2017.0,506.0,399,1.268170426065163
518618.0,2018.0,596.0,484,1.2314049586776858
518626.0,2015.0,807.0,651,1.23963133640553
518626.0,2016.0,775.0,598,1.2959866220735785
518626.0,2017.0,483.0,401,1.2044887780548628
518692.0,2015.0,493.0,410,1.2024390243902439
518692.0,2016.0,792.0,571,1.3870402802101576
518692.0,2017.0,638.0,432,1.4768518518518519
518692.0,2018.0,881.0,623,1.4141252006420546
518735.0,2015.0,404.0,357,1.1316526610644257
518735.0,2016.0,441.0,410,1.075609756097561
518735.0,2017.0,554.0,434,1.2764976958525345
518735.0,2018.0,517.0,442,1.169683257918552
518792.0,2015.0,774.0,554,1.3971119133574008
518792.0,2016.0,597.0,563,1.0603907637655416
518792.0,2017.0,558.0,445,1.253932584269663
518792.0,2018.0,582.0,431,1.3503480278422273
518934.0,2015.0,755.0,557,1.355475763016158
518934.0,2016.0,877.0,547,1.603290676416819
518934.0,2017.0,791.0,609,1.2988505747126438
518934.0,2018.0,638.0,538,1.1858736059479553
518960.0,2015.0,438.0,370,1.1837837837837837
518960.0,2016.0,663.0,493,1.3448275862068966
518960.0,2017.0,585.0,417,1.4028776978417266
518960.0,2018.0,516.0,407,1.2678132678132679
519023.0,2018.0,276.0,240,1.15
519025.0,2015.0,274.0,247,1.1093117408906883
519048.0,2015.0,603.0,478,1.2615062761506277
519048.0,2016.0,564.0,463,1.2181425485961124
519048.0,2017.0,617.0,495,1.2464646464646465
519048.0,2018.0,471.0,412,1.1432038834951457
519058.0,2015.0,797.0,599,1.330550918196995
519058.0,2017.0,734.0,548,1.3394160583941606
519058.0,2018.0,653.0,598,1.0919732441471572
519083.0,2015.0,580.0,506,1.1462450592885376
519083.0,2016.0,398.0,408,0.9754901960784313
519184.0,2015.0,868.0,630,1.3777777777777778
519184.0,2016.0,317.0,345,0.9188405797101449
519184.0,2017.0,446.0,285,1.5649122807017544
519203.0,2015.0,763.0,607,1.257001647446458
519203.0,2016.0,888.0,634,1.4006309148264984
519203.0,2017.0,719.0,600,1.1983333333333333
519203.0,2018.0,708.0,551,1.2849364791288567
519208.0,2015.0,420.0,306,1.3725490196078431
519222.0,2017.0,242.0,224,1.0803571428571428
519222.0,2018.0,315.0,234,1.3461538461538463
519237.0,2015.0,289.0,267,1.0823970037453183
519237.0,2016.0,490.0,384,1.2760416666666667
519237.0,2017.0,349.0,288,1.2118055555555556
519295.0,2016.0,337.0,285,1.182456140350877
519299.0,2015.0,458.0,366,1.2513661202185793
519299.0,2017.0,284.0,240,1.1833333333333333
519306.0,2015.0,403.0,369,1.0921409214092141
519306.0,2016.0,502.0,425,1.1811764705882353
519306.0,2017.0,566.0,510,1.1098039215686275
519306.0,2018.0,236.0,235,1.004255319148936
519317.0,2015.0,325.0,277,1.1732851985559567
519317.0,2016.0,441.0,404,1.0915841584158417
519317.0,2017.0,734.0,586,1.2525597269624573
519317.0,2018.0,772.0,625,1.2352
519346.0,2017.0,466.0,461,1.0108459869848156
519346.0,2018.0,239.0,243,0.9835390946502057
519390.0,2015.0,568.0,435,1.3057471264367817
519390.0,2016.0,572.0,484,1.1818181818181819
519390.0,2017.0,307.0,276,1.1123188405797102
520471.0,2015.0,720.0,548,1.313868613138686
520471.0,2016.0,668.0,578,1.1557093425605536
520471.0,2017.0,749.0,593,1.2630691399662732
520471.0,2018.0,733.0,575,1.2747826086956522
521692.0,2015.0,737.0,574,1.28397212543554
521692.0,2016.0,626.0,506,1.2371541501976284
521692.0,2017.0,637.0,464,1.3728448275862069
521692.0,2018.0,510.0,499,1.0220440881763526
523253.0,2015.0,717.0,530,1.3528301886792453
523253.0,2016.0,531.0,505,1.0514851485148515
523253.0,2017.0,404.0,391,1.0332480818414322
523253.0,2018.0,395.0,362,1.091160220994475
527038.0,2015.0,652.0,506,1.2885375494071147
527038.0,2016.0,401.0,301,1.3322259136212624
527038.0,2017.0,450.0,332,1.355421686746988
527038.0,2018.0,479.0,374,1.2807486631016043
527043.0,2016.0,324.0,257,1.2607003891050583
541645.0,2015.0,668.0,546,1.2234432234432235
541645.0,2016.0,530.0,401,1.3216957605985038
541645.0,2017.0,794.0,509,1.5599214145383105
541645.0,2018.0,396.0,351,1.1282051282051282
541650.0,2015.0,321.0,261,1.2298850574712643
541650.0,2016.0,546.0,396,1.378787878787879
541650.0,2017.0,518.0,426,1.215962441314554
541650.0,2018.0,453.0,321,1.411214953271028
542208.0,2015.0,340.0,257,1.3229571984435797
542208.0,2016.0,267.0,264,1.0113636363636365
542255.0,2015.0,707.0,513,1.3781676413255362
542255.0,2016.0,741.0,511,1.4500978473581214
542255.0,2017.0,928.0,648,1.4320987654320987
542255.0,2018.0,767.0,596,1.2869127516778522
542303.0,2015.0,550.0,453,1.2141280353200883
542303.0,2016.0,701.0,550,1.2745454545454546
542303.0,2017.0,841.0,600,1.4016666666666666
542303.0,2018.0,702.0,570,1.231578947368421
542340.0,2016.0,701.0,578,1.21280276816609
542340.0,2017.0,461.0,398,1.1582914572864322
542340.0,2018.0,597.0,464,1.2866379310344827
542436.0,2016.0,261.0,220,1.1863636363636363
542454.0,2015.0,256.0,255,1.003921568627451
542454.0,2016.0,279.0,231,1.2077922077922079
542583.0,2017.0,373.0,276,1.3514492753623188
542583.0,2018.0,711.0,522,1.3620689655172413
542908.0,2016.0,271.0,208,1.3028846153846154
542921.0,2017.0,689.0,519,1.3275529865125242
542921.0,2018.0,376.0,363,1.0358126721763086
542979.0,2016.0,222.0,202,1.099009900990099
542979.0,2017.0,430.0,407,1.0565110565110565
542993.0,2015.0,646.0,510,1.2666666666666666
542993.0,2016.0,360.0,309,1.1650485436893203
542994.0,2015.0,305.0,251,1.2151394422310757
543063.0,2015.0,604.0,497,1.215291750503018
543063.0,2016.0,713.0,551,1.294010889292196
543063.0,2017.0,664.0,504,1.3174603174603174
543063.0,2018.0,631.0,514,1.227626459143969
543068.0,2015.0,501.0,375,1.336
543068.0,2016.0,597.0,405,1.474074074074074
543068.0,2017.0,428.0,336,1.2738095238095237
543068.0,2018.0,604.0,494,1.222672064777328
543105.0,2016.0,337.0,249,1.3534136546184738
543213.0,2015.0,628.0,444,1.4144144144144144
543213.0,2016.0,459.0,344,1.3343023255813953
543216.0,2015.0,219.0,234,0.9358974358974359
543216.0,2016.0,306.0,206,1.4854368932038835
543228.0,2015.0,474.0,357,1.3277310924369747
543228.0,2016.0,182.0,245,0.7428571428571429
543228.0,2017.0,407.0,345,1.1797101449275362
543228.0,2018.0,534.0,394,1.3553299492385786
543238.0,2015.0,530.0,473,1.120507399577167
543257.0,2016.0,412.0,330,1.2484848484848485
543257.0,2017.0,437.0,384,1.1380208333333333
543257.0,2018.0,537.0,379,1.4168865435356202
543281.0,2015.0,521.0,402,1.2960199004975124
543281.0,2016.0,600.0,478,1.2552301255230125
543281.0,2017.0,564.0,473,1.1923890063424947
543281.0,2018.0,387.0,335,1.155223880597015
543302.0,2017.0,194.0,222,0.8738738738738738
543305.0,2015.0,379.0,342,1.108187134502924
543305.0,2016.0,349.0,325,1.073846153846154
543305.0,2017.0,443.0,338,1.3106508875739644
543305.0,2018.0,535.0,482,1.1099585062240664
543308.0,2018.0,352.0,284,1.2394366197183098
543333.0,2015.0,910.0,651,1.3978494623655915
543333.0,2016.0,750.0,591,1.2690355329949239
543333.0,2017.0,907.0,593,1.5295109612141653
543333.0,2018.0,702.0,586,1.1979522184300342
543376.0,2015.0,370.0,316,1.1708860759493671
543376.0,2017.0,335.0,250,1.34
543376.0,2018.0,330.0,259,1.274131274131274
543401.0,2015.0,766.0,559,1.370304114490161
543401.0,2016.0,805.0,659,1.2215477996965098
543401.0,2017.0,362.0,356,1.0168539325842696
543401.0,2018.0,598.0,520,1.15
543434.0,2015.0,727.0,548,1.3266423357664234
543434.0,2016.0,432.0,340,1.2705882352941176
543484.0,2017.0,498.0,347,1.4351585014409223
543484.0,2018.0,230.0,220,1.0454545454545454
543510.0,2015.0,559.0,387,1.4444444444444444
543510.0,2016.0,402.0,336,1.1964285714285714
543510.0,2017.0,445.0,349,1.2750716332378222
543510.0,2018.0,482.0,420,1.1476190476190475
543543.0,2015.0,573.0,427,1.3419203747072599
543543.0,2016.0,641.0,544,1.1783088235294117
543543.0,2017.0,310.0,330,0.9393939393939394
543543.0,2018.0,283.0,223,1.2690582959641257
543590.0,2016.0,324.0,330,0.9818181818181818
543685.0,2015.0,407.0,307,1.3257328990228012
543685.0,2016.0,728.0,578,1.259515570934256
543685.0,2017.0,700.0,517,1.3539651837524178
543685.0,2018.0,770.0,520,1.4807692307692308
543760.0,2015.0,673.0,540,1.2462962962962962
543760.0,2016.0,641.0,559,1.1466905187835421
543760.0,2017.0,381.0,337,1.1305637982195846
543760.0,2018.0,719.0,620,1.1596774193548387
543768.0,2015.0,311.0,220,1.4136363636363636
543768.0,2016.0,540.0,475,1.1368421052631579
543768.0,2017.0,649.0,530,1.2245283018867925
543768.0,2018.0,544.0,522,1.0421455938697317
543776.0,2016.0,234.0,213,1.0985915492957747
543807.0,2015.0,461.0,405,1.1382716049382715
543807.0,2016.0,679.0,625,1.0864
543807.0,2017.0,737.0,612,1.2042483660130718
543807.0,2018.0,683.0,576,1.1857638888888888
543829.0,2015.0,898.0,604,1.4867549668874172
543829.0,2016.0,371.0,320,1.159375
543829.0,2017.0,866.0,643,1.3468118195956453
543829.0,2018.0,620.0,543,1.141804788213628
543877.0,2017.0,469.0,319,1.4702194357366771
543877.0,2018.0,292.0,276,1.0579710144927537
543939.0,2015.0,682.0,552,1.2355072463768115
543939.0,2016.0,383.0,312,1.2275641025641026
543939.0,2017.0,501.0,342,1.4649122807017543
543939.0,2018.0,480.0,344,1.3953488372093024
544369.0,2015.0,679.0,513,1.3235867446393763
544369.0,2016.0,782.0,557,1.4039497307001796
544369.0,2017.0,766.0,570,1.343859649122807
544369.0,2018.0,659.0,511,1.289628180039139
544725.0,2017.0,408.0,297,1.3737373737373737
544725.0,2018.0,357.0,250,1.428
545341.0,2015.0,438.0,319,1.3730407523510972
545341.0,2016.0,536.0,440,1.2181818181818183
545341.0,2017.0,527.0,399,1.3208020050125313
545341.0,2018.0,520.0,419,1.2410501193317423
545350.0,2015.0,428.0,341,1.2551319648093842
545350.0,2016.0,291.0,276,1.0543478260869565
545350.0,2017.0,292.0,226,1.2920353982300885
545350.0,2018.0,242.0,214,1.1308411214953271
545358.0,2018.0,288.0,218,1.3211009174311927
545361.0,2015.0,782.0,567,1.379188712522046
545361.0,2016.0,773.0,544,1.4209558823529411
545361.0,2017.0,551.0,397,1.3879093198992443
545361.0,2018.0,633.0,468,1.3525641025641026
546318.0,2015.0,681.0,483,1.4099378881987579
546318.0,2016.0,773.0,575,1.3443478260869566
546318.0,2017.0,670.0,513,1.3060428849902534
546318.0,2018.0,641.0,537,1.1936685288640596
546991.0,2017.0,518.0,314,1.6496815286624205
546991.0,2018.0,623.0,434,1.435483870967742
547170.0,2018.0,279.0,278,1.0035971223021583
547172.0,2016.0,277.0,202,1.3712871287128714
547172.0,2017.0,304.0,227,1.3392070484581498
547180.0,2015.0,770.0,508,1.515748031496063
547180.0,2016.0,586.0,511,1.1467710371819961
547180.0,2017.0,619.0,430,1.4395348837209303
547180.0,2018.0,574.0,540,1.0629629629629629
547379.0,2017.0,244.0,227,1.0748898678414096
547957.0,2016.0,438.0,305,1.4360655737704917
547957.0,2017.0,260.0,211,1.2322274881516588
547982.0,2015.0,317.0,283,1.1201413427561837
547982.0,2016.0,615.0,512,1.201171875
547982.0,2018.0,370.0,312,1.185897435897436
547989.0,2015.0,773.0,602,1.2840531561461794
547989.0,2016.0,788.0,610,1.2918032786885245
547989.0,2017.0,837.0,613,1.3654159869494291
547989.0,2018.0,631.0,490,1.2877551020408162
553869.0,2018.0,361.0,242,1.4917355371900827
553882.0,2017.0,337.0,250,1.348
553882.0,2018.0,384.0,273,1.4065934065934067
553988.0,2018.0,232.0,210,1.1047619047619048
553993.0,2015.0,498.0,360,1.3833333333333333
553993.0,2016.0,644.0,555,1.1603603603603603
553993.0,2017.0,698.0,526,1.326996197718631
553993.0,2018.0,710.0,516,1.375968992248062
554429.0,2015.0,289.0,235,1.2297872340425533
570256.0,2015.0,682.0,577,1.1819757365684576
570256.0,2016.0,648.0,520,1.2461538461538462
570256.0,2017.0,454.0,375,1.2106666666666666
570256.0,2018.0,509.0,455,1.1186813186813187
570267.0,2016.0,272.0,241,1.1286307053941909
570267.0,2017.0,664.0,518,1.281853281853282
570267.0,2018.0,291.0,214,1.3598130841121496
570482.0,2015.0,291.0,261,1.1149425287356323
570560.0,2015.0,471.0,377,1.2493368700265253
570560.0,2017.0,625.0,481,1.2993762993762994
570560.0,2018.0,649.0,589,1.101867572156197
570717.0,2016.0,273.0,244,1.1188524590163935
570731.0,2015.0,428.0,300,1.4266666666666667
570731.0,2016.0,787.0,607,1.2965403624382208
570731.0,2017.0,821.0,611,1.3436988543371522
570731.0,2018.0,539.0,467,1.1541755888650964
570799.0,2018.0,403.0,335,1.2029850746268658
571431.0,2016.0,362.0,289,1.2525951557093427
571431.0,2017.0,514.0,335,1.5343283582089553
571431.0,2018.0,356.0,303,1.174917491749175
571437.0,2017.0,486.0,359,1.3537604456824512
571437.0,2018.0,242.0,238,1.0168067226890756
571448.0,2015.0,759.0,608,1.2483552631578947
571448.0,2016.0,786.0,614,1.280130293159609
571448.0,2017.0,764.0,604,1.2649006622516556
571448.0,2018.0,757.0,595,1.2722689075630251
571466.0,2015.0,341.0,239,1.4267782426778242
571466.0,2016.0,460.0,369,1.2466124661246611
571466.0,2017.0,498.0,365,1.3643835616438356
571466.0,2018.0,564.0,448,1.2589285714285714
571506.0,2015.0,489.0,403,1.2133995037220844
571506.0,2016.0,309.0,279,1.10752688172043
571506.0,2017.0,504.0,371,1.3584905660377358
571506.0,2018.0,408.0,417,0.9784172661870504
571602.0,2017.0,413.0,409,1.0097799511002445
571602.0,2018.0,460.0,427,1.0772833723653397
571697.0,2015.0,435.0,372,1.1693548387096775
571697.0,2016.0,611.0,492,1.241869918699187
571697.0,2017.0,701.0,455,1.5406593406593407
571697.0,2018.0,836.0,573,1.4589877835951135
571718.0,2017.0,288.0,248,1.1612903225806452
571740.0,2015.0,429.0,402,1.0671641791044777
571740.0,2016.0,470.0,403,1.1662531017369726
571740.0,2017.0,589.0,575,1.0243478260869565
571740.0,2018.0,665.0,491,1.354378818737271
571745.0,2017.0,493.0,366,1.3469945355191257
571745.0,2018.0,735.0,580,1.2672413793103448
571757.0,2016.0,267.0,200,1.335
571771.0,2015.0,299.0,211,1.4170616113744077
571771.0,2016.0,179.0,222,0.8063063063063063
571771.0,2017.0,349.0,317,1.1009463722397477
571771.0,2018.0,540.0,423,1.2765957446808511
571788.0,2015.0,587.0,448,1.3102678571428572
571788.0,2016.0,350.0,297,1.1784511784511784
571788.0,2018.0,495.0,339,1.4601769911504425
571830.0,2016.0,389.0,309,1.2588996763754046
571830.0,2017.0,528.0,486,1.0864197530864197
571875.0,2015.0,443.0,344,1.2877906976744187
571875.0,2016.0,605.0,510,1.1862745098039216
571875.0,2017.0,627.0,537,1.1675977653631284
571970.0,2018.0,548.0,425,1.2894117647058823
571974.0,2018.0,199.0,201,0.9900497512437811
571976.0,2015.0,294.0,221,1.330316742081448
571976.0,2016.0,736.0,587,1.253833049403748
571976.0,2017.0,581.0,548,1.0602189781021898
571976.0,2018.0,398.0,303,1.3135313531353134
571980.0,2016.0,521.0,340,1.5323529411764707
572008.0,2015.0,534.0,494,1.0809716599190284
572008.0,2016.0,593.0,428,1.3855140186915889
572008.0,2017.0,443.0,352,1.2585227272727273
572008.0,2018.0,270.0,271,0.996309963099631
572019.0,2015.0,494.0,322,1.5341614906832297
572033.0,2015.0,259.0,225,1.1511111111111112
572039.0,2015.0,366.0,247,1.4817813765182186
572039.0,2016.0,774.0,575,1.346086956521739
572039.0,2017.0,379.0,328,1.1554878048780488
572039.0,2018.0,721.0,534,1.350187265917603
572041.0,2015.0,871.0,591,1.4737732656514382
572041.0,2017.0,516.0,432,1.1944444444444444
572041.0,2018.0,486.0,403,1.205955334987593
572073.0,2016.0,292.0,253,1.1541501976284585
572073.0,2017.0,304.0,255,1.192156862745098
572073.0,2018.0,290.0,213,1.3615023474178405
572114.0,2016.0,278.0,273,1.0183150183150182
572122.0,2015.0,722.0,605,1.193388429752066
572122.0,2016.0,803.0,580,1.3844827586206896
572122.0,2017.0,660.0,567,1.164021164021164
572122.0,2018.0,649.0,573,1.1326352530541013
572191.0,2015.0,535.0,466,1.148068669527897
572191.0,2016.0,242.0,218,1.110091743119266
572191.0,2017.0,518.0,406,1.2758620689655173
572191.0,2018.0,445.0,347,1.282420749279539
572204.0,2016.0,249.0,232,1.0732758620689655
572287.0,2015.0,299.0,341,0.8768328445747801
572287.0,2017.0,478.0,380,1.2578947368421052
572287.0,2018.0,373.0,366,1.0191256830601092
572365.0,2015.0,498.0,405,1.2296296296296296
572365.0,2017.0,511.0,408,1.2524509803921569
572761.0,2015.0,706.0,582,1.2130584192439862
572761.0,2016.0,585.0,467,1.2526766595289078
572761.0,2017.0,517.0,482,1.0726141078838174
572761.0,2018.0,626.0,558,1.1218637992831542
572816.0,2015.0,317.0,222,1.427927927927928
572816.0,2016.0,593.0,507,1.1696252465483234
572816.0,2017.0,720.0,580,1.2413793103448276
572816.0,2018.0,682.0,497,1.3722334004024146
572821.0,2015.0,674.0,616,1.094155844155844
572821.0,2016.0,699.0,603,1.1592039800995024
572821.0,2017.0,694.0,617,1.1247974068071314
572821.0,2018.0,539.0,542,0.9944649446494465
573131.0,2015.0,296.0,259,1.1428571428571428
573135.0,2015.0,258.0,228,1.131578947368421
573135.0,2016.0,413.0,286,1.444055944055944
573135.0,2017.0,186.0,252,0.7380952380952381
573627.0,2017.0,296.0,238,1.2436974789915967
575929.0,2016.0,402.0,284,1.4154929577464788
575929.0,2017.0,503.0,398,1.263819095477387
575929.0,2018.0,600.0,463,1.2958963282937366
576397.0,2015.0,518.0,411,1.2603406326034063
576397.0,2016.0,487.0,395,1.2329113924050632
576397.0,2017.0,520.0,412,1.2621359223300972
576397.0,2018.0,455.0,345,1.318840579710145
578428.0,2015.0,629.0,402,1.564676616915423
578428.0,2016.0,568.0,458,1.240174672489083
578428.0,2017.0,634.0,458,1.3842794759825328
578428.0,2018.0,550.0,425,1.2941176470588236
581527.0,2015.0,325.0,216,1.5046296296296295
581527.0,2016.0,611.0,409,1.4938875305623471
581527.0,2018.0,384.0,350,1.0971428571428572
588751.0,2015.0,644.0,464,1.3879310344827587
588751.0,2016.0,640.0,501,1.2774451097804391
588751.0,2017.0,436.0,321,1.3582554517133956
588751.0,2018.0,380.0,291,1.3058419243986255
591720.0,2017.0,476.0,308,1.5454545454545454
591741.0,2017.0,234.0,210,1.1142857142857143
592122.0,2018.0,268.0,240,1.1166666666666667
592178.0,2015.0,721.0,577,1.2495667244367417
592178.0,2016.0,852.0,650,1.3107692307692307
592178.0,2017.0,704.0,583,1.2075471698113207
592178.0,2018.0,481.0,376,1.2792553191489362
592192.0,2015.0,531.0,431,1.2320185614849188
592192.0,2018.0,471.0,354,1.3305084745762712
592200.0,2016.0,204.0,222,0.918918918918919
592206.0,2015.0,656.0,542,1.2103321033210332
592206.0,2016.0,583.0,404,1.443069306930693
592206.0,2017.0,770.0,609,1.264367816091954
592206.0,2018.0,802.0,612,1.3104575163398693
592261.0,2015.0,525.0,445,1.1797752808988764
592261.0,2017.0,461.0,370,1.2459459459459459
592261.0,2018.0,335.0,331,1.012084592145015
592273.0,2016.0,644.0,445,1.447191011235955
592273.0,2017.0,627.0,443,1.4153498871331829
592325.0,2017.0,615.0,500,1.23
592325.0,2018.0,342.0,251,1.3625498007968126
592348.0,2018.0,503.0,437,1.1510297482837528
592387.0,2016.0,396.0,266,1.4887218045112782
592387.0,2017.0,771.0,572,1.347902097902098
592387.0,2018.0,541.0,485,1.1154639175257732
592444.0,2018.0,428.0,420,1.019047619047619
592450.0,2017.0,771.0,584,1.3202054794520548
592450.0,2018.0,574.0,424,1.3537735849056605
592518.0,2015.0,810.0,620,1.3064516129032258
592518.0,2016.0,857.0,635,1.3496062992125983
592518.0,2017.0,725.0,614,1.1807817589576548
592518.0,2018.0,909.0,679,1.3387334315169366
592567.0,2018.0,595.0,409,1.4547677261613692
592626.0,2015.0,491.0,480,1.0229166666666667
592626.0,2016.0,531.0,436,1.2178899082568808
592626.0,2017.0,297.0,295,1.006779661016949
592626.0,2018.0,457.0,414,1.103864734299517
592663.0,2015.0,615.0,437,1.4073226544622426
592663.0,2016.0,746.0,499,1.4949899799599198
592663.0,2017.0,696.0,519,1.3410404624277457
592663.0,2018.0,608.0,471,1.2908704883227176
592669.0,2017.0,469.0,435,1.07816091954023
592669.0,2018.0,512.0,391,1.3094629156010231
592696.0,2015.0,598.0,449,1.3318485523385302
592696.0,2016.0,469.0,325,1.4430769230769231
592696.0,2017.0,774.0,540,1.4333333333333333
592696.0,2018.0,747.0,536,1.3936567164179106
592743.0,2015.0,708.0,530,1.3358490566037735
592743.0,2016.0,667.0,445,1.498876404494382
592743.0,2017.0,838.0,576,1.4548611111111112
592743.0,2018.0,761.0,544,1.3988970588235294
592885.0,2015.0,673.0,465,1.4473118279569892
592885.0,2016.0,801.0,566,1.4151943462897527
592885.0,2017.0,735.0,590,1.2457627118644068
592885.0,2018.0,865.0,596,1.4513422818791946
593160.0,2016.0,371.0,308,1.2045454545454546
593160.0,2017.0,787.0,580,1.356896551724138
593160.0,2018.0,840.0,619,1.35702746365105
593428.0,2015.0,895.0,600,1.4916666666666667
593428.0,2016.0,885.0,651,1.359447004608295
593428.0,2017.0,691.0,573,1.205933682373473
593428.0,2018.0,725.0,558,1.299283154121864
593528.0,2017.0,461.0,379,1.2163588390501319
593528.0,2018.0,241.0,232,1.0387931034482758
593700.0,2017.0,249.0,213,1.1690140845070423
593700.0,2018.0,371.0,278,1.3345323741007193
593871.0,2016.0,344.0,238,1.4453781512605042
593871.0,2017.0,597.0,488,1.223360655737705
593871.0,2018.0,403.0,302,1.3344370860927153
593934.0,2015.0,331.0,276,1.1992753623188406
593934.0,2016.0,507.0,428,1.1845794392523366
593934.0,2017.0,477.0,420,1.1357142857142857
593934.0,2018.0,240.0,252,0.9523809523809523
594011.0,2018.0,354.0,276,1.2826086956521738
594694.0,2017.0,443.0,323,1.3715170278637772
594694.0,2018.0,496.0,401,1.2369077306733167
594777.0,2015.0,715.0,620,1.153225806451613
594777.0,2016.0,753.0,591,1.2741116751269035
594777.0,2017.0,645.0,555,1.162162162162162
594777.0,2018.0,415.0,485,0.8556701030927835
594807.0,2016.0,616.0,538,1.1449814126394051
594807.0,2017.0,649.0,580,1.1189655172413793
594807.0,2018.0,444.0,377,1.1777188328912467
594809.0,2015.0,780.0,597,1.306532663316583
594809.0,2016.0,769.0,599,1.2838063439065108
594809.0,2018.0,433.0,314,1.3789808917197452
594824.0,2016.0,331.0,208,1.5913461538461537
594824.0,2017.0,294.0,234,1.2564102564102564
594828.0,2015.0,663.0,584,1.1352739726027397
594828.0,2016.0,558.0,434,1.2857142857142858
594828.0,2017.0,437.0,327,1.3363914373088686
594828.0,2018.0,496.0,407,1.2186732186732188
594838.0,2016.0,326.0,212,1.5377358490566038
594953.0,2018.0,469.0,411,1.1411192214111923
594988.0,2016.0,321.0,254,1.263779527559055
594988.0,2017.0,543.0,465,1.167741935483871
594988.0,2018.0,466.0,374,1.2459893048128343
595281.0,2015.0,666.0,493,1.3509127789046653
595281.0,2016.0,465.0,361,1.2880886426592797
595281.0,2017.0,430.0,372,1.1559139784946237
595281.0,2018.0,277.0,323,0.8575851393188855
595375.0,2017.0,273.0,224,1.21875
595375.0,2018.0,358.0,301,1.1893687707641196
595751.0,2018.0,463.0,334,1.3862275449101797
595777.0,2016.0,316.0,267,1.1835205992509363
595777.0,2018.0,665.0,518,1.2837837837837838
595879.0,2016.0,643.0,471,1.365180467091295
595879.0,2017.0,710.0,484,1.4669421487603307
595879.0,2018.0,808.0,593,1.3625632377740304
595885.0,2018.0,268.0,265,1.0113207547169811
595909.0,2018.0,334.0,281,1.188612099644128
595963.0,2016.0,175.0,212,0.8254716981132075
595978.0,2017.0,410.0,376,1.0904255319148937
595978.0,2018.0,342.0,289,1.1833910034602075
596019.0,2015.0,549.0,380,1.444736842105263
596019.0,2016.0,839.0,648,1.2947530864197532
596019.0,2017.0,832.0,665,1.2511278195488722
596019.0,2018.0,863.0,651,1.325652841781874
596059.0,2015.0,527.0,434,1.2142857142857142
596059.0,2016.0,791.0,608,1.300986842105263
596059.0,2017.0,586.0,597,0.981574539363484
596059.0,2018.0,577.0,468,1.232905982905983
596115.0,2016.0,457.0,368,1.2418478260869565
596115.0,2017.0,591.0,502,1.1772908366533865
596115.0,2018.0,854.0,605,1.4115702479338843
596119.0,2015.0,378.0,283,1.3356890459363957
596142.0,2017.0,652.0,517,1.2611218568665377
596142.0,2018.0,293.0,335,0.8746268656716418
596144.0,2016.0,583.0,465,1.253763440860215
596146.0,2016.0,460.0,384,1.1979166666666667
596146.0,2017.0,562.0,510,1.1019607843137256
596146.0,2018.0,614.0,518,1.1853281853281854
596748.0,2015.0,407.0,297,1.3703703703703705
596748.0,2016.0,668.0,570,1.1719298245614036
596748.0,2017.0,608.0,566,1.0742049469964665
596748.0,2018.0,607.0,422,1.438388625592417
598265.0,2015.0,291.0,215,1.3534883720930233
598265.0,2016.0,727.0,563,1.2912966252220248
598265.0,2017.0,565.0,474,1.1919831223628692
598265.0,2018.0,590.0,501,1.1776447105788423
600301.0,2017.0,269.0,256,1.05078125
600524.0,2018.0,314.0,235,1.3361702127659574
600869.0,2018.0,533.0,532,1.0018796992481203
605113.0,2015.0,443.0,410,1.0804878048780489
605113.0,2016.0,333.0,278,1.1978417266187051
605113.0,2018.0,582.0,499,1.1663326653306614
605119.0,2018.0,756.0,574,1.3170731707317074
605125.0,2015.0,524.0,415,1.2626506024096384
605131.0,2017.0,383.0,258,1.4844961240310077
605131.0,2018.0,215.0,220,0.9772727272727273
605137.0,2017.0,682.0,540,1.262962962962963
605137.0,2018.0,650.0,492,1.3211382113821137
605141.0,2015.0,779.0,584,1.3339041095890412
605141.0,2016.0,909.0,673,1.3506686478454681
605141.0,2017.0,754.0,618,1.220064724919094
605141.0,2018.0,837.0,564,1.4840425531914894
605412.0,2015.0,561.0,376,1.4920212765957446
605412.0,2016.0,513.0,465,1.103225806451613
605412.0,2017.0,658.0,497,1.323943661971831
605412.0,2018.0,374.0,343,1.0903790087463556
605480.0,2017.0,324.0,251,1.2908366533864541
605480.0,2018.0,694.0,471,1.473460721868365
605486.0,2015.0,380.0,298,1.2751677852348993
605486.0,2017.0,585.0,430,1.3604651162790697
605486.0,2018.0,337.0,286,1.1783216783216783
605512.0,2015.0,347.0,296,1.1722972972972974
605548.0,2017.0,376.0,297,1.265993265993266
606115.0,2017.0,676.0,499,1.3547094188376754
606115.0,2018.0,433.0,371,1.1671159029649596
606192.0,2018.0,579.0,466,1.242489270386266
606299.0,2016.0,341.0,235,1.451063829787234
606299.0,2017.0,612.0,481,1.2723492723492724
606299.0,2018.0,826.0,622,1.3279742765273312
606466.0,2015.0,269.0,216,1.2453703703703705
606466.0,2016.0,574.0,426,1.3474178403755868
606466.0,2017.0,334.0,240,1.3916666666666666
606466.0,2018.0,640.0,503,1.2723658051689861
607043.0,2018.0,568.0,423,1.342789598108747
607054.0,2015.0,600.0,521,1.1516314779270633
607054.0,2016.0,402.0,339,1.1858407079646018
607054.0,2018.0,230.0,203,1.1330049261083743
607208.0,2016.0,473.0,322,1.468944099378882
607208.0,2017.0,520.0,429,1.2121212121212122
607208.0,2018.0,817.0,652,1.2530674846625767
607345.0,2017.0,380.0,276,1.3768115942028984
607387.0,2016.0,272.0,241,1.1286307053941909
607680.0,2015.0,850.0,618,1.3754045307443366
607680.0,2016.0,742.0,564,1.3156028368794326
607680.0,2017.0,717.0,568,1.2623239436619718
607680.0,2018.0,609.0,501,1.215568862275449
608061.0,2017.0,308.0,209,1.4736842105263157
608070.0,2015.0,302.0,307,0.9837133550488599
608070.0,2016.0,904.0,605,1.4942148760330578
608070.0,2017.0,862.0,600,1.4366666666666668
608070.0,2018.0,683.0,571,1.1961471103327495
608324.0,2017.0,824.0,620,1.3290322580645162
608324.0,2018.0,825.0,607,1.3591433278418452
608336.0,2017.0,422.0,441,0.9569160997732427
608336.0,2018.0,500.0,490,1.0204081632653061
608365.0,2015.0,565.0,475,1.1894736842105262
608365.0,2016.0,663.0,572,1.1590909090909092
608365.0,2017.0,428.0,378,1.1322751322751323
608365.0,2018.0,531.0,410,1.2951219512195122
608369.0,2016.0,882.0,657,1.3424657534246576
608369.0,2017.0,718.0,569,1.2618629173989455
608384.0,2017.0,432.0,305,1.4163934426229507
608384.0,2018.0,522.0,401,1.3017456359102244
608385.0,2018.0,404.0,275,1.469090909090909
608577.0,2016.0,640.0,514,1.245136186770428
608577.0,2017.0,606.0,549,1.1038251366120218
608577.0,2018.0,612.0,482,1.2697095435684647
608597.0,2018.0,473.0,381,1.2414698162729658
608654.0,2018.0,249.0,213,1.1690140845070423
608671.0,2016.0,335.0,328,1.021341463414634
608671.0,2018.0,401.0,326,1.2300613496932515
608700.0,2015.0,244.0,221,1.1040723981900453
608700.0,2018.0,269.0,230,1.1695652173913043
609275.0,2018.0,402.0,272,1.4779411764705883
609280.0,2018.0,835.0,573,1.4572425828970332
611177.0,2016.0,672.0,521,1.289827255278311
614177.0,2018.0,340.0,256,1.328125
621002.0,2017.0,231.0,217,1.064516129032258
621002.0,2018.0,369.0,278,1.3273381294964028
621020.0,2017.0,630.0,475,1.3263157894736841
621020.0,2018.0,636.0,467,1.3618843683083512
621035.0,2017.0,746.0,559,1.334525939177102
621035.0,2018.0,680.0,545,1.2477064220183487
621043.0,2015.0,524.0,404,1.297029702970297
621043.0,2016.0,699.0,558,1.2526881720430108
621043.0,2017.0,701.0,486,1.4423868312757202
621043.0,2018.0,485.0,425,1.1411764705882352
621311.0,2016.0,290.0,217,1.336405529953917
621311.0,2018.0,346.0,256,1.3515625
621439.0,2016.0,341.0,289,1.179930795847751
621439.0,2017.0,546.0,458,1.1921397379912664
621446.0,2018.0,382.0,369,1.0352303523035231
621563.0,2018.0,708.0,481,1.471933471933472
621566.0,2018.0,716.0,563,1.2717584369449377
622110.0,2015.0,781.0,561,1.392156862745098
622110.0,2016.0,371.0,327,1.1345565749235473
622110.0,2018.0,732.0,492,1.4878048780487805
622168.0,2018.0,447.0,289,1.546712802768166
622194.0,2017.0,237.0,215,1.1023255813953488
622534.0,2017.0,566.0,474,1.1940928270042195
622534.0,2018.0,545.0,455,1.1978021978021978
622666.0,2017.0,369.0,234,1.5769230769230769
622666.0,2018.0,641.0,469,1.3667377398720681
622682.0,2018.0,267.0,210,1.2714285714285714
624424.0,2016.0,292.0,299,0.9765886287625418
624424.0,2017.0,457.0,368,1.2418478260869565
624424.0,2018.0,655.0,531,1.2335216572504708
624428.0,2017.0,545.0,390,1.3974358974358974
624428.0,2018.0,412.0,313,1.31629392971246
624577.0,2015.0,302.0,284,1.0633802816901408
624577.0,2016.0,474.0,341,1.3900293255131966
624577.0,2017.0,713.0,540,1.3203703703703704
624577.0,2018.0,643.0,440,1.4613636363636364
624585.0,2015.0,475.0,378,1.2566137566137565
624585.0,2016.0,259.0,239,1.0836820083682008
624585.0,2018.0,274.0,217,1.262672811059908
628329.0,2015.0,351.0,267,1.3146067415730338
628338.0,2017.0,444.0,380,1.168421052631579
628338.0,2018.0,357.0,284,1.2570422535211268
628356.0,2015.0,561.0,399,1.406015037593985
628356.0,2016.0,438.0,311,1.4083601286173633
630111.0,2015.0,473.0,389,1.2159383033419022
630111.0,2016.0,702.0,518,1.3552123552123552
640447.0,2018.0,266.0,214,1.2429906542056075
640461.0,2017.0,336.0,281,1.195729537366548
640461.0,2018.0,374.0,290,1.289655172413793
641313.0,2016.0,437.0,399,1.0952380952380953
641313.0,2017.0,755.0,584,1.292808219178082
641313.0,2018.0,626.0,554,1.1299638989169676
641319.0,2017.0,412.0,297,1.387205387205387
641343.0,2018.0,290.0,318,0.9119496855345912
641355.0,2017.0,680.0,535,1.2710280373831775
641355.0,2018.0,717.0,577,1.24263431542461
641531.0,2018.0,437.0,359,1.2172701949860725
641553.0,2017.0,271.0,299,0.9063545150501672
641553.0,2018.0,520.0,422,1.2322274881516588
641598.0,2018.0,403.0,297,1.3569023569023568
641820.0,2017.0,757.0,530,1.4283018867924528
641820.0,2018.0,641.0,575,1.1147826086956523
642708.0,2018.0,657.0,538,1.221189591078067
642715.0,2018.0,390.0,288,1.3541666666666667
643217.0,2017.0,680.0,561,1.2121212121212122
643217.0,2018.0,805.0,624,1.2900641025641026
643393.0,2018.0,365.0,265,1.3773584905660377
643396.0,2018.0,451.0,350,1.2885714285714285
643446.0,2018.0,337.0,219,1.538812785388128
643603.0,2016.0,288.0,241,1.1950207468879668
643603.0,2018.0,362.0,222,1.6306306306306306
645277.0,2017.0,282.0,216,1.3055555555555556
645277.0,2018.0,809.0,641,1.2620904836193447
646240.0,2017.0,308.0,224,1.375
646240.0,2018.0,616.0,476,1.2941176470588236
648717.0,2015.0,260.0,216,1.2037037037037037
649557.0,2016.0,568.0,401,1.4164588528678304
649557.0,2017.0,315.0,274,1.1496350364963503
649557.0,2018.0,618.0,415,1.489156626506024
650402.0,2018.0,613.0,437,1.402745995423341
656185.0,2018.0,345.0,258,1.3372093023255813
656305.0,2017.0,359.0,284,1.2640845070422535
656305.0,2018.0,721.0,539,1.3376623376623376
656555.0,2018.0,621.0,550,1.1290909090909091
656941.0,2015.0,291.0,255,1.1411764705882352
656941.0,2017.0,387.0,432,0.8958333333333334
656941.0,2018.0,450.0,425,1.0588235294117647
657557.0,2017.0,576.0,406,1.4187192118226601
657557.0,2018.0,545.0,428,1.2733644859813085
660162.0,2018.0,597.0,566,1.0547703180212014
660271.0,2018.0,476.0,323,1.4736842105263157
660670.0,2018.0,585.0,447,1.308724832214765
664023.0,2017.0,443.0,370,1.1972972972972973
664023.0,2018.0,474.0,378,1.253968253968254
664056.0,2018.0,506.0,375,1.3493333333333333
664058.0,2018.0,360.0,282,1.2765957446808511
664068.0,2018.0,518.0,442,1.1719457013574661
665742.0,2018.0,562.0,405,1.3876543209876544
666560.0,2016.0,208.0,212,0.9811320754716981
666971.0,2018.0,329.0,245,1.3428571428571427
